Date,Open,High,Low,Close,Volume
2021-08-06,442.1000061035156,442.9400024414063,441.7999877929688,442.489990234375,46930000
2021-08-09,442.4599914550781,442.7999877929688,441.30999755859375,442.1300048828125,41222600
2021-08-10,442.6099853515625,443.4400024414063,441.8800048828125,442.6799926757813,43339300
2021-08-11,443.8200073242188,443.8800048828125,442.6199951171875,443.7799987792969,44034300
2021-08-12,443.6199951171875,445.260009765625,442.6600036621094,445.1099853515625,38909400
2021-08-13,445.5899963378906,445.9400024414063,445.0700073242188,445.9200134277344,39470300
2021-08-16,444.5299987792969,447.1099853515625,442.8699951171875,446.9700012207031,73740000
2021-08-17,444.239990234375,444.9599914550781,440.8500061035156,444.0400085449219,92673900
2021-08-18,442.9599914550781,444.6300048828125,438.9200134277344,439.1799926757813,89351900
2021-08-19,436.2699890136719,441.1400146484375,436.1199951171875,439.8599853515625,92812200
2021-08-20,440.2300109863281,443.7099914550781,439.7099914550781,443.3599853515625,72008700
2021-08-23,445.1600036621094,448.2300109863281,443.4400024414063,447.260009765625,54973000
2021-08-24,447.9700012207031,448.5400085449219,447.4200134277344,447.9700012207031,38744700
2021-08-25,448.1700134277344,449.4599914550781,447.7699890136719,448.9100036621094,40529700
2021-08-26,448.6099853515625,448.8599853515625,446.1600036621094,446.260009765625,57829600
2021-08-27,447.1199951171875,450.6499938964844,447.05999755859375,450.25,77235100
2021-08-30,450.9700012207031,453.0700073242188,450.7099914550781,452.2300109863281,48357400
2021-08-31,452.1300048828125,452.489990234375,450.9200134277344,451.55999755859375,59300200
2021-09-01,452.55999755859375,453.1099853515625,451.5499877929688,451.7999877929688,48721400
2021-09-02,453.3200073242188,454.0499877929688,451.9100036621094,453.1900024414063,42501000
2021-09-03,451.9800109863281,453.6300048828125,451.5499877929688,453.0799865722656,47170500
2021-09-07,452.7099914550781,452.80999755859375,450.739990234375,451.4599914550781,51671500
2021-09-08,450.8900146484375,451.6700134277344,448.8599853515625,450.9100036621094,56181900
2021-09-09,450.7000122070313,452.5700073242188,448.7200012207031,448.9800109863281,57970400
2021-09-10,451.0400085449219,451.489990234375,445.30999755859375,445.4400024414063,89948200
2021-09-13,448.6400146484375,448.9200134277344,444.1099853515625,446.5799865722656,83738600
2021-09-14,448.1199951171875,448.3399963378906,443.2200012207031,444.1700134277344,78197100
2021-09-15,444.6199951171875,448.4100036621094,443.4400024414063,447.8800048828125,78792200
2021-09-16,447.3200073242188,448.3599853515625,444.0199890136719,447.1700134277344,77786700
2021-09-17,444.9200134277344,445.3699951171875,441.0199890136719,441.3999938964844,118425000
2021-09-20,434.8800048828125,436.55999755859375,428.8599853515625,434.0400085449219,166445500
2021-09-21,436.5299987792969,437.9100036621094,433.0700073242188,433.6300048828125,92526100
2021-09-22,436.0499877929688,440.0299987792969,433.75,437.8599853515625,102350100
2021-09-23,439.8500061035156,444.8900146484375,439.6000061035156,443.1799926757813,76396000
2021-09-24,441.4400024414063,444.6700134277344,441.2099914550781,443.9100036621094,62094800
2021-09-27,442.80999755859375,444.0499877929688,441.8999938964844,442.6400146484375,61371100
2021-09-28,439.6900024414063,440.0400085449219,432.9400024414063,433.7200012207031,130436300
2021-09-29,435.1900024414063,437.0400085449219,433.8500061035156,434.4500122070313,82329200
2021-09-30,436.0199890136719,436.7699890136719,428.7799987792969,429.1400146484375,140506000
2021-10-01,430.9800109863281,436.0299987792969,427.2300109863281,434.239990234375,129240100
2021-10-04,433.0,433.9599914550781,426.3599853515625,428.6400146484375,128570000
2021-10-05,430.239990234375,435.489990234375,429.3900146484375,433.1000061035156,90682500
2021-10-06,429.2699890136719,435.1199951171875,427.5400085449219,434.8999938964844,113032200
2021-10-07,438.3900146484375,441.6799926757813,438.2000122070313,438.6600036621094,72437500
2021-10-08,439.4800109863281,439.8900146484375,437.1900024414063,437.8599853515625,74557400
2021-10-11,437.1600036621094,440.260009765625,434.6199951171875,434.6900024414063,65233300
2021-10-12,435.6700134277344,436.1000061035156,432.7799987792969,433.6199951171875,71181200
2021-10-13,434.7099914550781,436.0499877929688,431.5400085449219,435.1799926757813,72974000
2021-10-14,439.0799865722656,442.6600036621094,438.5799865722656,442.5,70236800
2021-10-15,444.75,446.260009765625,444.0899963378906,445.8699951171875,66260200
2021-10-18,443.9700012207031,447.5499877929688,443.2699890136719,447.1900024414063,62213200
2021-10-19,448.9200134277344,450.7099914550781,448.2699890136719,450.6400146484375,46996800
2021-10-20,451.1300048828125,452.7300109863281,451.010009765625,452.4100036621094,49571600
2021-10-21,451.7699890136719,453.8299865722656,451.30999755859375,453.5899963378906,41305400
2021-10-22,453.1300048828125,454.6700134277344,451.0499877929688,453.1199951171875,58845100
2021-10-25,454.2799987792969,455.8999938964844,452.3900146484375,455.5499877929688,45214500
2021-10-26,457.2000122070313,458.489990234375,455.55999755859375,455.9599914550781,56075100
2021-10-27,456.4500122070313,457.1600036621094,453.8599853515625,453.9400024414063,72438000
2021-10-28,455.4599914550781,458.3999938964844,455.4500122070313,458.3200073242188,51437900
2021-10-29,455.8699951171875,459.55999755859375,455.55999755859375,459.25,70162400
2021-11-01,460.2999877929688,460.7000122070313,458.2000122070313,460.0400085449219,48433600
2021-11-02,460.2200012207031,462.2300109863281,460.0799865722656,461.8999938964844,48908400
2021-11-03,461.2999877929688,465.1499938964844,460.8299865722656,464.7200012207031,52509800
2021-11-04,465.3599853515625,467.0,464.989990234375,466.9100036621094,52847100
2021-11-05,469.2799987792969,470.6499938964844,466.9200134277344,468.5299987792969,66390600
2021-11-08,469.7000122070313,470.2300109863281,468.2000122070313,468.9299926757813,50405200
2021-11-09,469.3200073242188,469.5700073242188,465.8800048828125,467.3800048828125,51149100
2021-11-10,465.5799865722656,467.3800048828125,462.0400085449219,463.6199951171875,69429700
2021-11-11,465.2099914550781,465.2900085449219,463.75,463.7699890136719,34848500
2021-11-12,465.1199951171875,467.8599853515625,464.1099853515625,467.2699890136719,53466700
2021-11-15,468.6400146484375,468.80999755859375,466.2300109863281,467.4299926757813,46980500
2021-11-16,467.1499938964844,470.489990234375,467.0700073242188,469.2799987792969,48857500
2021-11-17,469.0,469.1900024414063,467.4800109863281,468.1400146484375,47858300
2021-11-18,469.239990234375,470.010009765625,466.3399963378906,469.7300109863281,50625600
2021-11-19,469.6099853515625,470.9400024414063,468.5,468.8900146484375,57315600
2021-11-22,470.8900146484375,473.5400085449219,467.3500061035156,467.5700073242188,72762000
2021-11-23,467.2200012207031,469.1000061035156,464.4500122070313,468.1900024414063,73206500
2021-11-24,466.05999755859375,469.5700073242188,465.1900024414063,469.4400024414063,61858800
2021-11-26,462.3399963378906,463.8999938964844,457.7699890136719,458.9700012207031,112669600
2021-11-29,464.0700073242188,466.55999755859375,461.7300109863281,464.6000061035156,86268800
2021-11-30,462.0,464.0299987792969,455.2999877929688,455.55999755859375,148559600
2021-12-01,461.6400146484375,464.6700134277344,450.2900085449219,450.5,131939200
2021-12-02,450.7300109863281,459.0700073242188,450.30999755859375,457.3999938964844,127637800
2021-12-03,459.1700134277344,460.2999877929688,448.9200134277344,453.4200134277344,137331600
2021-12-06,456.1300048828125,460.7900085449219,453.55999755859375,458.7900085449219,98977500
2021-12-07,464.4100036621094,468.8800048828125,458.6499938964844,468.2799987792969,95484700
2021-12-08,468.7000122070313,470.0,466.8299865722656,469.5199890136719,72238800
2021-12-09,468.1499938964844,469.6300048828125,466.1400146484375,466.3500061035156,61272600
2021-12-10,469.2300109863281,470.8999938964844,466.510009765625,470.739990234375,77159800
2021-12-13,470.1900024414063,470.55999755859375,466.2699890136719,466.5700073242188,87724700
2021-12-14,463.0899963378906,465.739990234375,460.25,463.3599853515625,97264100
2021-12-15,463.4200134277344,470.8599853515625,460.739990234375,470.6000061035156,116899300
2021-12-16,472.5700073242188,472.8699951171875,464.7999877929688,466.4500122070313,116568600
2021-12-17,461.5499877929688,464.739990234375,458.05999755859375,459.8699951171875,135511600
2021-12-20,454.4800109863281,455.3999938964844,451.1400146484375,454.9800109863281,107134800
2021-12-21,458.6099853515625,463.2099914550781,456.30999755859375,463.05999755859375,69806300
2021-12-22,462.7900085449219,467.80999755859375,462.5799865722656,467.6900024414063,58890200
2021-12-23,468.75,472.1900024414063,468.6400146484375,470.6000061035156,56439700
2021-12-27,472.05999755859375,477.30999755859375,472.010009765625,477.260009765625,56808600
2021-12-28,477.7200012207031,478.80999755859375,476.05999755859375,476.8699951171875,47274600
2021-12-29,476.9800109863281,478.55999755859375,475.9200134277344,477.4800109863281,54503000
2021-12-30,477.9299926757813,479.0,475.6700134277344,476.1600036621094,55329000
2021-12-31,475.6400146484375,476.8599853515625,474.6700134277344,474.9599914550781,65237400
2022-01-03,476.2999877929688,477.8500061035156,473.8500061035156,477.7099914550781,72668200
2022-01-04,479.2200012207031,479.9800109863281,475.5799865722656,477.5499877929688,71178700
2022-01-05,477.1600036621094,477.9800109863281,468.2799987792969,468.3800048828125,104538900
2022-01-06,467.8900146484375,470.8200073242188,465.4299926757813,467.9400024414063,86858900
2022-01-07,467.9500122070313,469.2000122070313,464.6499938964844,466.0899963378906,85111600
2022-01-10,462.7000122070313,465.739990234375,456.6000061035156,465.510009765625,119362000
2022-01-11,465.2300109863281,469.8500061035156,462.0499877929688,469.75,74303100
2022-01-12,471.5899963378906,473.2000122070313,468.9400024414063,471.0199890136719,67605400
2022-01-13,472.1900024414063,472.8800048828125,463.4400024414063,464.5299987792969,91173100
2022-01-14,461.1900024414063,465.0899963378906,459.8999938964844,464.7200012207031,95890900
2022-01-18,459.739990234375,459.9599914550781,455.30999755859375,456.489990234375,109709100
2022-01-19,458.1300048828125,459.6099853515625,451.4599914550781,451.75,109357600
2022-01-20,453.75,458.739990234375,444.5,446.75,122379700
2022-01-21,445.55999755859375,448.05999755859375,437.9500122070313,437.9800109863281,202271200
2022-01-24,432.0299987792969,440.3800048828125,420.760009765625,439.8399963378906,251783900
2022-01-25,433.05999755859375,439.7200012207031,427.1499938964844,434.4700012207031,167997300
2022-01-26,440.7200012207031,444.0400085449219,428.8599853515625,433.3800048828125,186391100
2022-01-27,438.260009765625,441.5899963378906,429.4500122070313,431.239990234375,149878300
2022-01-28,432.6799926757813,442.0,427.8200073242188,441.9500122070313,164457400
2022-01-31,441.239990234375,450.2799987792969,439.80999755859375,449.9100036621094,152251400
2022-02-01,450.6799926757813,453.6300048828125,446.9400024414063,452.9500122070313,123155400
2022-02-02,455.5,458.1199951171875,453.0499877929688,457.3500061035156,117361000
2022-02-03,450.9500122070313,452.9700012207031,445.7099914550781,446.6000061035156,118024400
2022-02-04,446.3500061035156,452.7799987792969,443.8299865722656,448.7000122070313,118454400
2022-02-07,449.510009765625,450.989990234375,445.8500061035156,447.260009765625,84472900
2022-02-08,446.7300109863281,451.9200134277344,445.2200012207031,450.9400024414063,81012000
2022-02-09,455.2200012207031,457.8800048828125,455.010009765625,457.5400085449219,92589900
2022-02-10,451.3399963378906,457.7099914550781,447.2000122070313,449.3200073242188,140103700
2022-02-11,449.4100036621094,451.6099853515625,438.9400024414063,440.4599914550781,153214600
2022-02-14,439.9200134277344,441.6000061035156,435.3399963378906,439.0199890136719,123006300
2022-02-15,443.7300109863281,446.2799987792969,443.1799926757813,446.1000061035156,88482700
2022-02-16,443.9299926757813,448.05999755859375,441.9400024414063,446.6000061035156,84863600
2022-02-17,443.2200012207031,446.5700073242188,436.4200134277344,437.05999755859375,102259100
2022-02-18,437.3299865722656,438.6600036621094,431.8200073242188,434.2300109863281,132642900
2022-02-22,431.8900146484375,435.5,425.8599853515625,429.5700073242188,124391800
2022-02-23,432.6600036621094,433.260009765625,421.3500061035156,421.9500122070313,132578000
2022-02-24,411.0199890136719,428.760009765625,410.6400146484375,428.2999877929688,213942900
2022-02-25,429.6099853515625,437.8399963378906,427.8599853515625,437.75,121804500
2022-02-28,432.0299987792969,438.2000122070313,430.7000122070313,436.6300048828125,145615000
2022-03-01,435.0400085449219,437.1700134277344,427.1099853515625,429.9800109863281,137785900
2022-03-02,432.3699951171875,439.7200012207031,431.5700073242188,437.8900146484375,117726500
2022-03-03,440.4700012207031,441.1099853515625,433.7999877929688,435.7099914550781,105501700
2022-03-04,431.75,433.3699951171875,427.8800048828125,432.1700134277344,113978200
2022-03-07,431.5499877929688,432.2999877929688,419.3599853515625,419.4299926757813,137896600
2022-03-08,419.6199951171875,427.2099914550781,415.1199951171875,416.25,164772700
2022-03-09,425.1400146484375,429.510009765625,422.8200073242188,427.4100036621094,116990800
2022-03-10,422.5199890136719,426.4299926757813,420.4400024414063,425.4800109863281,93972700
2022-03-11,428.1199951171875,428.7699890136719,419.5299987792969,420.0700073242188,95636300
2022-03-14,420.8900146484375,424.5499877929688,415.7900085449219,417.0,95729200
2022-03-15,419.7699890136719,426.8399963378906,418.4200134277344,426.1700134277344,106219100
2022-03-16,429.8900146484375,435.6799926757813,424.7999877929688,435.6199951171875,144954800
2022-03-17,433.5899963378906,441.0700073242188,433.1900024414063,441.0700073242188,102676900
2022-03-18,438.0,444.8599853515625,437.2200012207031,444.5199890136719,106345500
2022-03-21,444.3399963378906,446.4599914550781,440.6799926757813,444.3900146484375,88349800
2022-03-22,445.8599853515625,450.5799865722656,445.8599853515625,449.5899963378906,74650400
2022-03-23,446.9100036621094,448.489990234375,443.7099914550781,443.7999877929688,79426100
2022-03-24,445.9400024414063,450.5,444.760009765625,450.489990234375,64736900
2022-03-25,451.1600036621094,452.9800109863281,448.4299926757813,452.6900024414063,77101300
2022-03-28,452.05999755859375,455.9100036621094,450.05999755859375,455.9100036621094,68529800
2022-03-29,460.0199890136719,462.0700073242188,457.1799926757813,461.5499877929688,86581500
2022-03-30,460.3399963378906,461.2000122070313,456.4700012207031,458.7000122070313,79666900
2022-03-31,457.8900146484375,458.760009765625,451.1600036621094,451.6400146484375,121699900
2022-04-01,453.30999755859375,453.4599914550781,449.1400146484375,452.9200134277344,89048800
2022-04-04,453.1300048828125,456.9100036621094,452.260009765625,456.7999877929688,59601000
2022-04-05,455.2200012207031,457.8299865722656,449.8200073242188,451.0299987792969,74214500
2022-04-06,446.8900146484375,448.9299926757813,443.4700012207031,446.5199890136719,106898000
2022-04-07,445.5899963378906,450.6900024414063,443.5299987792969,448.7699890136719,78097200
2022-04-08,447.9700012207031,450.6300048828125,445.9400024414063,447.5700073242188,79272700
2022-04-11,444.1099853515625,445.0,439.3900146484375,439.9200134277344,89770500
2022-04-12,443.0799865722656,445.75,436.6499938964844,438.2900085449219,84363600
2022-04-13,438.0299987792969,444.1099853515625,437.8399963378906,443.30999755859375,74070400
2022-04-14,443.5499877929688,444.7300109863281,437.6799926757813,437.7900085449219,97869500
2022-04-18,436.80999755859375,439.75,435.6099853515625,437.9700012207031,66002500
2022-04-19,437.8599853515625,445.7999877929688,437.6799926757813,445.0400085449219,77821000
2022-04-20,446.9200134277344,447.5700073242188,443.4800109863281,444.7099914550781,65224400
2022-04-21,448.5400085449219,450.010009765625,437.1000061035156,438.05999755859375,85417300
2022-04-22,436.9100036621094,438.0799865722656,425.4400024414063,426.0400085449219,132471800
2022-04-25,423.6700134277344,428.6900024414063,418.8399963378906,428.510009765625,119647700
2022-04-26,425.8299865722656,426.0400085449219,416.0700073242188,416.1000061035156,103996300
2022-04-27,417.239990234375,422.9200134277344,415.010009765625,417.2699890136719,122030000
2022-04-28,422.2900085449219,429.6400146484375,417.6000061035156,427.80999755859375,105449100
2022-04-29,423.5899963378906,425.8699951171875,411.2099914550781,412.0,145491100
2022-05-02,412.0700073242188,415.9200134277344,405.0199890136719,414.4800109863281,158312500
2022-05-03,415.010009765625,418.9299926757813,413.3599853515625,416.3800048828125,100028200
2022-05-04,417.0799865722656,429.6600036621094,413.7099914550781,429.05999755859375,144247900
2022-05-05,424.5499877929688,425.0,409.4400024414063,413.80999755859375,172929100
2022-05-06,411.1000061035156,414.7999877929688,405.7300109863281,411.3399963378906,151770800
2022-05-09,405.1000061035156,406.4100036621094,396.5,398.1700134277344,155586100
2022-05-10,404.489990234375,406.0799865722656,394.8200073242188,399.0899963378906,132497200
2022-05-11,398.0700073242188,404.0400085449219,391.9599914550781,392.75,142361000
2022-05-12,389.3699951171875,395.7999877929688,385.1499938964844,392.3399963378906,125090800
2022-05-13,396.7099914550781,403.1799926757813,395.6099853515625,401.7200012207031,104174400
2022-05-16,399.9800109863281,403.9700012207031,397.6000061035156,400.0899963378906,78622400
2022-05-17,406.5299987792969,408.5700073242188,402.5799865722656,408.3200073242188,83029700
2022-05-18,403.5,403.7999877929688,390.5499877929688,391.8599853515625,117674500
2022-05-19,388.6199951171875,394.1400146484375,387.1099853515625,389.4599914550781,98510700
2022-05-20,393.25,397.0299987792969,380.5400085449219,389.6300048828125,131432200
2022-05-23,392.8299865722656,397.7300109863281,390.3800048828125,396.9200134277344,76414900
2022-05-24,392.55999755859375,395.1499938964844,386.9599914550781,393.8900146484375,91448800
2022-05-25,392.30999755859375,399.4500122070313,391.8900146484375,397.3699951171875,91472900
2022-05-26,398.6700134277344,407.0400085449219,398.4500122070313,405.30999755859375,82168300
2022-05-27,407.9100036621094,415.3800048828125,407.7000122070313,415.260009765625,84768700
2022-05-31,413.5499877929688,416.4599914550781,410.0299987792969,412.9299926757813,95937000
2022-06-01,415.1700134277344,416.239990234375,406.9299926757813,409.5899963378906,86585800
2022-06-02,409.4200134277344,417.4400024414063,407.0400085449219,417.3900146484375,79609600
2022-06-03,412.3999938964844,414.0400085449219,409.510009765625,410.5400085449219,71874300
2022-06-06,414.7799987792969,416.6099853515625,410.5499877929688,411.7900085449219,57508900
2022-06-07,408.1000061035156,416.2200012207031,407.6099853515625,415.739990234375,59272400
2022-06-08,413.9299926757813,415.8200073242188,410.3800048828125,411.2200012207031,64350000
2022-06-09,409.3399963378906,411.739990234375,401.4400024414063,401.4400024414063,86289800
2022-06-10,394.8800048828125,395.7799987792969,389.75,389.7999877929688,132893900
2022-06-13,379.8500061035156,381.80999755859375,373.2999877929688,375.0,170004900
2022-06-14,376.8500061035156,377.9400024414063,370.5899963378906,373.8699951171875,104011800
2022-06-15,377.3599853515625,383.8999938964844,372.1199951171875,379.2000122070313,125666800
2022-06-16,370.510009765625,370.9400024414063,364.0799865722656,366.6499938964844,134473300
2022-06-17,365.510009765625,369.3800048828125,362.1700134277344,365.8599853515625,111113900
2022-06-21,371.8900146484375,376.5299987792969,371.80999755859375,375.0700073242188,76811900
2022-06-22,370.6199951171875,378.7200012207031,370.1799926757813,374.3900146484375,90059400
2022-06-23,376.6400146484375,378.8299865722656,372.8900146484375,378.05999755859375,79292100
2022-06-24,381.3999938964844,390.0899963378906,381.3699951171875,390.0799865722656,98050300
2022-06-27,391.0499877929688,391.3599853515625,387.4400024414063,388.5899963378906,66009600
2022-06-28,390.2300109863281,393.1600036621094,380.5299987792969,380.6499938964844,86548900
2022-06-29,381.2300109863281,382.2699890136719,378.4200134277344,380.3399963378906,65676000
2022-06-30,376.239990234375,380.6600036621094,372.55999755859375,377.25,112508300
2022-07-01,376.55999755859375,381.7000122070313,373.7999877929688,381.239990234375,74839700
2022-07-05,375.8800048828125,381.9800109863281,372.8999938964844,381.9599914550781,81438000
2022-07-06,382.1099853515625,385.8699951171875,379.6000061035156,383.25,70426200
2022-07-07,385.1199951171875,389.8299865722656,383.2699890136719,388.989990234375,64525900
2022-07-08,387.2699890136719,390.6400146484375,385.6600036621094,388.6700134277344,72397800
2022-07-11,385.8500061035156,386.8699951171875,383.5,384.2300109863281,58366900
2022-07-12,383.6499938964844,386.1600036621094,378.989990234375,380.8299865722656,62219200
2022-07-13,375.1000061035156,381.9200134277344,374.6600036621094,378.8299865722656,84224600
2022-07-14,373.6099853515625,379.0499877929688,371.0400085449219,377.9100036621094,89704800
2022-07-15,382.5499877929688,385.25,380.5400085449219,385.1300048828125,79060400
2022-07-18,388.3800048828125,389.0899963378906,380.6600036621094,381.9500122070313,63203600
2022-07-19,386.0799865722656,392.8699951171875,385.3900146484375,392.2699890136719,78506000
2022-07-20,392.4700012207031,396.260009765625,391.0299987792969,394.7699890136719,71843800
2022-07-21,394.1600036621094,398.8399963378906,391.6300048828125,398.7900085449219,64903900
2022-07-22,398.9200134277344,400.1799926757813,392.75,395.0899963378906,72197300
2022-07-25,395.75,396.4700012207031,393.2099914550781,395.5700073242188,53631500
2022-07-26,393.8399963378906,394.05999755859375,389.9500122070313,390.8900146484375,52946400
2022-07-27,394.3599853515625,402.8800048828125,394.0499877929688,401.0400085449219,82342100
2022-07-28,401.8900146484375,406.7999877929688,398.1499938964844,406.0700073242188,73966600
2022-07-29,407.5799865722656,413.0299987792969,406.7699890136719,411.989990234375,87003700
2022-08-01,409.1499938964844,413.4100036621094,408.3999938964844,410.7699890136719,69997500
2022-08-02,409.1199951171875,413.0,406.8200073242188,408.05999755859375,63435400
2022-08-03,410.2999877929688,415.6799926757813,410.0,414.4500122070313,67820600
2022-08-04,414.3699951171875,415.0899963378906,412.4400024414063,414.1700134277344,45656600
2022-08-05,409.6600036621094,414.1499938964844,409.6000061035156,413.4700012207031,56814900
2022-08-08,415.25,417.6199951171875,411.8299865722656,412.989990234375,53886100
2022-08-09,412.2200012207031,412.75,410.2200012207031,411.3500061035156,44931800
2022-08-10,418.7799987792969,420.1400146484375,416.7200012207031,419.989990234375,68665700
2022-08-11,422.989990234375,424.9500122070313,419.2099914550781,419.989990234375,59489700
2022-08-12,422.0299987792969,427.2099914550781,421.0299987792969,427.1000061035156,61694500
2022-08-15,424.7699890136719,429.4100036621094,424.7099914550781,428.8599853515625,54048300
2022-08-16,427.7300109863281,431.7300109863281,426.8800048828125,429.7000122070313,59289000
2022-08-17,425.9100036621094,429.5,424.5400085449219,426.6499938964844,63563400
2022-08-18,426.8599853515625,428.6099853515625,425.5,427.8900146484375,49023200
2022-08-19,424.9800109863281,425.260009765625,421.2200012207031,422.1400146484375,68016900
2022-08-22,417.0499877929688,417.2300109863281,412.3999938964844,413.3500061035156,77695600
2022-08-23,412.8999938964844,415.4200134277344,411.7699890136719,412.3500061035156,49105200
2022-08-24,412.1099853515625,415.1099853515625,411.3900146484375,413.6700134277344,49177800
2022-08-25,415.239990234375,419.55999755859375,414.0899963378906,419.510009765625,50942300
2022-08-26,419.3900146484375,419.9599914550781,405.25,405.30999755859375,103087000
2022-08-29,402.2000122070313,405.8399963378906,401.2000122070313,402.6300048828125,65370800
2022-08-30,403.8500061035156,404.1000061035156,396.0,398.2099914550781,85652400
2022-08-31,399.9299926757813,401.239990234375,395.0400085449219,395.1799926757813,76029700
2022-09-01,392.8900146484375,396.7799987792969,390.0400085449219,396.4200134277344,78740100
2022-09-02,400.2799987792969,401.55999755859375,390.3299865722656,392.239990234375,99632100
2022-09-06,393.1300048828125,394.1199951171875,388.4200134277344,390.760009765625,76637400
2022-09-07,390.4299926757813,398.5899963378906,390.2000122070313,397.7799987792969,70964200
2022-09-08,395.3900146484375,400.8599853515625,394.1199951171875,400.3800048828125,80821700
2022-09-09,402.739990234375,407.510009765625,402.4599914550781,406.6000061035156,76706900
2022-09-12,408.7799987792969,411.7300109863281,408.4599914550781,410.9700012207031,69256300
2022-09-13,401.8299865722656,403.1000061035156,391.9200134277344,393.1000061035156,122947100
2022-09-14,394.4700012207031,396.2000122070313,391.1199951171875,394.6000061035156,85023700
2022-09-15,392.9599914550781,395.9599914550781,388.7799987792969,390.1199951171875,87633800
2022-09-16,384.1400146484375,386.25,382.1099853515625,385.55999755859375,103084800
2022-09-19,382.260009765625,388.5499877929688,382.1799926757813,388.5499877929688,73278500
2022-09-20,385.05999755859375,386.1199951171875,381.2000122070313,384.0899963378906,77274900
2022-09-21,386.1099853515625,389.30999755859375,377.3800048828125,377.3900146484375,106746600
2022-09-22,376.5799865722656,378.2999877929688,373.4400024414063,374.2200012207031,89472600
2022-09-23,370.5799865722656,370.6199951171875,363.2900085449219,367.9500122070313,122346900
2022-09-26,366.4100036621094,370.2099914550781,363.0299987792969,364.30999755859375,92581200
2022-09-27,368.0199890136719,370.3999938964844,360.8699951171875,363.3800048828125,108294100
2022-09-28,364.3800048828125,372.2999877929688,362.6000061035156,370.5299987792969,110802200
2022-09-29,366.80999755859375,367.1099853515625,359.70001220703125,362.7900085449219,112952300
2022-09-30,361.7999877929688,365.9100036621094,357.0400085449219,357.17999267578125,153711200
2022-10-03,361.0799865722656,368.5499877929688,359.2099914550781,366.6099853515625,89756500
2022-10-04,372.3999938964844,378.0,366.5700073242188,377.9700012207031,103602800
2022-10-05,373.3900146484375,379.4599914550781,370.9500122070313,377.0899963378906,88065700
2022-10-06,375.6199951171875,378.7200012207031,372.6799926757813,373.2000122070313,82333500
2022-10-07,368.9700012207031,373.2900085449219,360.9400024414063,362.7900085449219,107789500
2022-10-10,363.9599914550781,364.2099914550781,357.6700134277344,360.0199890136719,76042800
2022-10-11,358.239990234375,363.0299987792969,355.7099914550781,357.739990234375,92482800
2022-10-12,358.1700134277344,359.82000732421875,356.29998779296875,356.5599975585937,76991800
2022-10-13,349.2099914550781,367.510009765625,348.1099853515625,365.9700012207031,147254500
2022-10-14,368.5499877929688,370.260009765625,356.9599914550781,357.6300048828125,123737000
2022-10-17,364.010009765625,367.9800109863281,357.2799987792969,366.8200073242188,93168200
2022-10-18,375.1300048828125,375.4500122070313,367.5199890136719,371.1300048828125,97162900
2022-10-19,368.989990234375,371.8500061035156,365.5499877929688,368.5,79746900
2022-10-20,368.0299987792969,372.6700134277344,364.6099853515625,365.4100036621094,88283100
2022-10-21,365.1199951171875,374.7999877929688,363.5400085449219,374.2900085449219,131038400
2022-10-24,375.8900146484375,380.05999755859375,373.1099853515625,378.8699951171875,85436900
2022-10-25,378.7900085449219,385.25,378.6700134277344,384.9200134277344,78846300
2022-10-26,381.6199951171875,387.5799865722656,381.3500061035156,382.0199890136719,104087300
2022-10-27,383.0700073242188,385.0,379.3299865722656,379.9800109863281,81971800
2022-10-28,379.8699951171875,389.5199890136719,379.6799926757813,389.0199890136719,100302000
2022-10-31,386.4400024414063,388.3999938964844,385.260009765625,386.2099914550781,96631300
2022-11-01,390.1400146484375,390.3900146484375,383.2900085449219,384.5199890136719,85407600
2022-11-02,383.8999938964844,388.6300048828125,374.760009765625,374.8699951171875,126990400
2022-11-03,371.4700012207031,374.2000122070313,368.7900085449219,371.010009765625,87100100
2022-11-04,377.0,378.8699951171875,370.0,376.3500061035156,103505200
2022-11-07,377.7099914550781,380.5700073242188,375.5299987792969,379.9500122070313,68286900
2022-11-08,381.1099853515625,385.1199951171875,377.7200012207031,382.0,84641100
2022-11-09,379.9299926757813,381.1400146484375,373.6099853515625,374.1300048828125,78495500
2022-11-10,388.0499877929688,395.0400085449219,385.6400146484375,394.6900024414063,141455800
2022-11-11,395.5899963378906,399.3500061035156,393.6099853515625,398.510009765625,93839900
2022-11-14,396.6600036621094,400.1799926757813,394.8299865722656,395.1199951171875,71903500
2022-11-15,401.1499938964844,402.30999755859375,394.489990234375,398.489990234375,93194500
2022-11-16,396.7799987792969,397.7799987792969,394.7900085449219,395.4500122070313,68508500
2022-11-17,390.4599914550781,394.9500122070313,390.1400146484375,394.239990234375,74496300
2022-11-18,397.739990234375,397.80999755859375,393.0400085449219,396.0299987792969,92922500
2022-11-21,394.6400146484375,395.8200073242188,392.6600036621094,394.5899963378906,51243200
2022-11-22,396.6300048828125,400.0700073242188,395.1499938964844,399.8999938964844,60429000
2022-11-23,399.5499877929688,402.9299926757813,399.30999755859375,402.4200134277344,68261600
2022-11-25,401.8299865722656,402.9100036621094,401.5400085449219,402.3299865722656,30545400
2022-11-28,399.0899963378906,400.80999755859375,395.1099853515625,395.9100036621094,67881600
2022-11-29,396.0499877929688,397.2999877929688,393.2999877929688,395.2300109863281,52310000
2022-11-30,395.489990234375,407.6799926757813,393.4800109863281,407.6799926757813,144566700
2022-12-01,408.7699890136719,410.0,404.75,407.3800048828125,76398200
2022-12-02,402.25,407.8599853515625,402.1400146484375,406.9100036621094,85342700
2022-12-05,403.9500122070313,404.9299926757813,398.1700134277344,399.5899963378906,77289800
2022-12-06,399.4200134277344,399.989990234375,391.6400146484375,393.8299865722656,77972200
2022-12-07,392.9400024414063,395.6400146484375,391.9700012207031,393.1600036621094,65927900
2022-12-08,395.1400146484375,397.3599853515625,393.2699890136719,396.239990234375,60737900
2022-12-09,394.9400024414063,397.6199951171875,393.1499938964844,393.2799987792969,81447700
2022-12-12,394.1099853515625,398.9500122070313,393.4100036621094,398.9500122070313,75405800
2022-12-13,410.2200012207031,410.489990234375,399.0700073242188,401.9700012207031,123782500
2022-12-14,401.6099853515625,405.5,396.30999755859375,399.3999938964844,108111300
2022-12-15,394.2999877929688,395.25,387.8900146484375,389.6300048828125,117705900
2022-12-16,385.1799926757813,386.5799865722656,381.0400085449219,383.2699890136719,119858000
2022-12-19,383.4700012207031,383.8200073242188,378.2799987792969,380.0199890136719,79878100
2022-12-20,379.2300109863281,382.2300109863281,377.8500061035156,380.5400085449219,74427200
2022-12-21,383.25,387.4100036621094,382.6900024414063,386.2300109863281,78167400
2022-12-22,383.0499877929688,386.2099914550781,374.7699890136719,380.7200012207031,100120900
2022-12-23,379.6499938964844,383.05999755859375,378.0299987792969,382.9100036621094,59857300
2022-12-27,382.7900085449219,383.1499938964844,379.6499938964844,381.3999938964844,51638200
2022-12-28,381.3299865722656,383.3900146484375,376.4200134277344,376.6600036621094,70911500
2022-12-29,379.6300048828125,384.3500061035156,379.0799865722656,383.4400024414063,66970900
2022-12-30,380.6400146484375,382.5799865722656,378.4299926757813,382.4299926757813,84022200
2023-01-03,384.3699951171875,386.4299926757813,377.8299865722656,380.8200073242188,74850700
2023-01-04,383.1799926757813,385.8800048828125,380.0,383.760009765625,85934100
2023-01-05,381.7200012207031,381.8399963378906,378.760009765625,379.3800048828125,76970500
2023-01-06,382.6099853515625,389.25,379.4100036621094,388.0799865722656,104189600
2023-01-09,390.3699951171875,393.7000122070313,387.6700134277344,387.8599853515625,73978100
2023-01-10,387.25,390.6499938964844,386.2699890136719,390.5799865722656,65358100
2023-01-11,392.2300109863281,395.6000061035156,391.3800048828125,395.5199890136719,68881100
2023-01-12,396.6700134277344,398.489990234375,392.4200134277344,396.9599914550781,90157700
2023-01-13,393.6199951171875,399.1000061035156,393.3399963378906,398.5,63903900
2023-01-17,398.4800109863281,400.2300109863281,397.05999755859375,397.7699890136719,62677300
2023-01-18,399.010009765625,400.1199951171875,391.2799987792969,391.489990234375,99632300
2023-01-19,389.3599853515625,391.0799865722656,387.260009765625,388.6400146484375,86958900
2023-01-20,390.1000061035156,396.0400085449219,388.3800048828125,395.8800048828125,91806400
2023-01-23,396.7200012207031,402.6499938964844,395.7200012207031,400.6300048828125,84178800
2023-01-24,398.8800048828125,401.1499938964844,397.6400146484375,400.2000122070313,59524900
2023-01-25,395.9500122070313,400.7000122070313,393.55999755859375,400.3500061035156,84800300
2023-01-26,403.1300048828125,404.9200134277344,400.0299987792969,404.75,72287400
2023-01-27,403.6600036621094,408.1600036621094,403.4400024414063,405.6799926757813,68346200
2023-01-30,402.7999877929688,405.1300048828125,400.2799987792969,400.5899963378906,74202000
2023-01-31,401.1300048828125,406.5299987792969,400.7699890136719,406.4800109863281,86811800
2023-02-01,405.2099914550781,413.6700134277344,402.3500061035156,410.7999877929688,101459200
2023-02-02,414.8599853515625,418.30999755859375,412.8800048828125,416.7799987792969,101654500
2023-02-03,411.5899963378906,416.9700012207031,411.0899963378906,412.3500061035156,94736800
2023-02-06,409.7900085449219,411.2900085449219,408.1000061035156,409.8299865722656,60295300
2023-02-07,408.8699951171875,416.489990234375,407.5700073242188,415.1900024414063,90990700
2023-02-08,413.1300048828125,414.5299987792969,409.9299926757813,410.6499938964844,76227500
2023-02-09,414.4100036621094,414.5700073242188,405.80999755859375,407.0899963378906,78694900
2023-02-10,405.8599853515625,408.4400024414063,405.010009765625,408.0400085449219,70769700
2023-02-13,408.7200012207031,412.9700012207031,408.239990234375,412.8299865722656,64913500
2023-02-14,411.239990234375,415.0499877929688,408.510009765625,412.6400146484375,88389300
2023-02-15,410.3500061035156,414.05999755859375,409.4700012207031,413.9800109863281,61555700
2023-02-16,408.7900085449219,412.9100036621094,408.1400146484375,408.2799987792969,76431500
2023-02-17,406.05999755859375,407.510009765625,404.0499877929688,407.260009765625,89257800
2023-02-21,403.05999755859375,404.1600036621094,398.8200073242188,399.0899963378906,82655900
2023-02-22,399.5199890136719,401.1300048828125,397.0199890136719,398.5400085449219,83742300
2023-02-23,401.55999755859375,402.2000122070313,396.25,400.6600036621094,96242400
2023-02-24,395.4200134277344,397.25,393.6400146484375,396.3800048828125,108194400
2023-02-27,399.8699951171875,401.2900085449219,396.75,397.7300109863281,80444700
2023-02-28,397.2300109863281,399.2799987792969,396.1499938964844,396.260009765625,96438600
2023-03-01,395.4100036621094,396.6900024414063,393.3800048828125,394.739990234375,99706800
2023-03-02,392.6799926757813,398.6900024414063,392.3299865722656,397.80999755859375,85127800
2023-03-03,399.7099914550781,404.4500122070313,399.0299987792969,404.1900024414063,90120000
2023-03-06,405.0499877929688,407.4500122070313,404.010009765625,404.4700012207031,72795900
2023-03-07,404.4200134277344,404.6700134277344,397.6300048828125,398.2699890136719,108310600
2023-03-08,398.3900146484375,399.7099914550781,396.5899963378906,398.9200134277344,74746600
2023-03-09,399.739990234375,401.4800109863281,390.5299987792969,391.55999755859375,111945300
2023-03-10,390.989990234375,393.1600036621094,384.3200073242188,385.9100036621094,189253000
2023-03-13,381.80999755859375,390.3900146484375,380.6499938964844,385.3599853515625,157790000
2023-03-14,390.5,393.4500122070313,387.0499877929688,391.7300109863281,149752400
2023-03-15,385.8900146484375,389.489990234375,383.7099914550781,389.2799987792969,172996900
2023-03-16,386.8200073242188,396.4700012207031,386.2900085449219,396.1099853515625,143254200
2023-03-17,393.2200012207031,394.3999938964844,388.5499877929688,389.989990234375,140553400
2023-03-20,390.7999877929688,394.1700134277344,390.0700073242188,393.739990234375,93055800
2023-03-21,397.239990234375,399.4100036621094,395.5799865722656,398.9100036621094,91524200
2023-03-22,398.7300109863281,402.489990234375,392.0700073242188,392.1099853515625,111746600
2023-03-23,395.0899963378906,399.2900085449219,390.3500061035156,393.1700134277344,119351300
2023-03-24,391.8399963378906,395.8399963378906,389.3999938964844,395.75,107682400
2023-03-27,398.1199951171875,398.9200134277344,395.55999755859375,396.489990234375,74010400
2023-03-28,395.7699890136719,396.489990234375,393.6900024414063,395.6000061035156,62871700
2023-03-29,399.9299926757813,401.6000061035156,398.6799926757813,401.3500061035156,77497900
2023-03-30,404.0899963378906,404.3500061035156,401.760009765625,403.7000122070313,69840000
2023-03-31,404.6600036621094,409.7000122070313,404.5499877929688,409.3900146484375,112062600
2023-04-03,408.8500061035156,411.3699951171875,408.4400024414063,410.9500122070313,67391100
2023-04-04,411.6199951171875,411.9200134277344,407.239990234375,408.6700134277344,66601500
2023-04-05,407.9100036621094,408.7000122070313,405.8800048828125,407.6000061035156,65200200
2023-04-06,406.7699890136719,409.4800109863281,405.6799926757813,409.1900024414063,63743300
2023-04-10,406.6099853515625,409.6900024414063,405.9700012207031,409.6099853515625,63681000
2023-04-11,410.260009765625,411.1799926757813,408.9200134277344,409.7200012207031,59297900
2023-04-12,411.8699951171875,412.1700134277344,407.4400024414063,408.0499877929688,86420400
2023-04-13,409.1799926757813,413.8399963378906,407.989990234375,413.4700012207031,85814800
2023-04-14,412.80999755859375,415.0899963378906,410.05999755859375,412.4599914550781,78161500
2023-04-17,412.3699951171875,413.9599914550781,411.0899963378906,413.9400024414063,66436400
2023-04-18,415.5799865722656,415.7200012207031,412.7799987792969,414.2099914550781,63560000
2023-04-19,412.2200012207031,415.0799865722656,412.1600036621094,414.1400146484375,55227300
2023-04-20,411.2099914550781,413.7000122070313,410.2699890136719,411.8800048828125,75840400
2023-04-21,412.1900024414063,412.6799926757813,410.1700134277344,412.2000122070313,73457400
2023-04-24,411.989990234375,413.0700073242188,410.6000061035156,412.6300048828125,64332100
2023-04-25,410.5799865722656,411.1600036621094,406.0199890136719,406.0799865722656,97766700
2023-04-26,406.7200012207031,407.8399963378906,403.7799987792969,404.3599853515625,80447000
2023-04-27,407.0,412.6900024414063,406.739990234375,412.4100036621094,92968400
2023-04-28,411.489990234375,415.9400024414063,411.4299926757813,415.9299926757813,89335600
2023-05-01,415.4700012207031,417.6199951171875,415.2699890136719,415.510009765625,62122300
2023-05-02,414.7699890136719,414.8200073242188,407.8200073242188,410.8399963378906,103998500
2023-05-03,411.3599853515625,413.8699951171875,407.7699890136719,408.0199890136719,91531800
2023-05-04,406.9299926757813,407.2699890136719,403.739990234375,405.1300048828125,94901900
2023-05-05,408.9100036621094,413.7200012207031,408.6400146484375,412.6300048828125,87844000
2023-05-08,412.9700012207031,413.239990234375,411.2799987792969,412.739990234375,50046800
2023-05-09,411.1300048828125,412.0899963378906,410.6900024414063,410.9299926757813,49220100
2023-05-10,413.8800048828125,414.5400085449219,408.8699951171875,412.8500061035156,96142900
2023-05-11,411.9500122070313,412.4299926757813,409.9700012207031,412.1300048828125,70157100
2023-05-12,413.4200134277344,413.6400146484375,409.0700073242188,411.5899963378906,70439400
2023-05-15,412.2200012207031,413.4299926757813,410.2300109863281,413.010009765625,54289400
2023-05-16,411.8599853515625,412.8200073242188,410.239990234375,410.25,57705500
2023-05-17,412.3500061035156,415.8599853515625,410.6400146484375,415.2300109863281,87287000
2023-05-18,414.8999938964844,419.6700134277344,414.6700134277344,419.2300109863281,97177200
2023-05-19,420.1700134277344,420.7200012207031,417.3500061035156,418.6199951171875,103679700
2023-05-22,418.6400146484375,420.3900146484375,417.3500061035156,418.7900085449219,60745400
2023-05-23,417.0799865722656,418.7200012207031,413.6799926757813,414.0899963378906,86383500
2023-05-24,412.4200134277344,412.8200073242188,409.8800048828125,411.0899963378906,89213700
2023-05-25,414.739990234375,416.1600036621094,412.4100036621094,414.6499938964844,90961600
2023-05-26,415.3299865722656,420.7699890136719,415.25,420.0199890136719,93830000
2023-05-30,422.0299987792969,422.5799865722656,418.739990234375,420.1799926757813,72216000
2023-05-31,418.2799987792969,419.2200012207031,416.2200012207031,417.8500061035156,110811800
2023-06-01,418.0899963378906,422.9200134277344,416.7900085449219,421.8200073242188,88865000
2023-06-02,424.5,428.739990234375,423.9500122070313,427.9200134277344,91366700
2023-06-05,428.2799987792969,429.6199951171875,426.3699951171875,427.1000061035156,65460200
2023-06-06,426.6700134277344,428.5799865722656,425.989990234375,428.0299987792969,64022200
2023-06-07,428.4400024414063,429.6199951171875,426.1099853515625,426.5499877929688,85373300
2023-06-08,426.6199951171875,429.6000061035156,425.8200073242188,429.1300048828125,61952800
2023-06-09,429.9599914550781,431.989990234375,428.8699951171875,429.8999938964844,85742800
2023-06-12,430.9200134277344,433.8800048828125,430.1700134277344,433.7999877929688,76104300
2023-06-13,435.3200073242188,437.3299865722656,434.6300048828125,436.6600036621094,95899700
2023-06-14,437.010009765625,439.05999755859375,433.5899963378906,437.1799926757813,100612100
2023-06-15,436.3299865722656,443.8999938964844,436.2300109863281,442.6000061035156,110303100
2023-06-16,443.0199890136719,443.6099853515625,438.9700012207031,439.4599914550781,114121300
2023-06-20,437.4500122070313,438.3699951171875,435.0299987792969,437.1799926757813,76160400
2023-06-21,436.1600036621094,436.989990234375,434.3299865722656,434.9400024414063,76982300
2023-06-22,433.9500122070313,436.6199951171875,433.6000061035156,436.510009765625,70637200
2023-06-23,432.9299926757813,435.05999755859375,432.4700012207031,433.2099914550781,92074500
2023-06-26,432.6199951171875,434.6099853515625,431.1900024414063,431.4400024414063,72823600
2023-06-27,432.3500061035156,436.80999755859375,431.8800048828125,436.1700134277344,72813700
2023-06-28,435.0499877929688,437.4400024414063,434.4100036621094,436.3900146484375,75636000
2023-06-29,435.9599914550781,438.2799987792969,435.5400085449219,438.1099853515625,67882300
2023-06-30,441.4400024414063,444.2999877929688,441.1099853515625,443.2799987792969,104921500
2023-07-03,442.9200134277344,444.0799865722656,442.6300048828125,443.7900085449219,32793400
2023-07-05,441.9100036621094,443.8900146484375,441.8999938964844,443.1300048828125,58418400
2023-07-06,439.4200134277344,440.1000061035156,437.05999755859375,439.6600036621094,80658300
2023-07-07,438.6300048828125,442.6400146484375,438.2999877929688,438.5499877929688,86076100
2023-07-10,438.1799926757813,439.8399963378906,437.5899963378906,439.6600036621094,62443500
2023-07-11,440.4500122070313,442.9700012207031,439.4400024414063,442.4599914550781,64463800
2023-07-12,446.3900146484375,447.4800109863281,444.9100036621094,446.0199890136719,91924500
2023-07-13,447.8999938964844,450.3800048828125,447.4500122070313,449.55999755859375,72425200
2023-07-14,450.4800109863281,451.3599853515625,448.489990234375,449.2799987792969,69761800
2023-07-17,449.1300048828125,451.9299926757813,449.0799865722656,450.8399963378906,52680200
2023-07-18,450.5,454.8599853515625,450.0499877929688,454.1900024414063,80744400
2023-07-19,455.010009765625,456.4299926757813,454.1099853515625,455.2000122070313,65891700
2023-07-20,454.1700134277344,455.1000061035156,451.4400024414063,452.1799926757813,70591600
2023-07-21,453.9599914550781,454.1700134277344,452.1700134277344,452.1799926757813,71245400
2023-07-24,453.3699951171875,455.0400085449219,452.2999877929688,454.2000122070313,54023400
2023-07-25,453.9200134277344,456.739990234375,453.8699951171875,455.4400024414063,55191200
2023-07-26,454.4700012207031,456.989990234375,453.3800048828125,455.510009765625,71052900
2023-07-27,459.0199890136719,459.4400024414063,451.5499877929688,452.489990234375,92194400
2023-07-28,455.8800048828125,457.7799987792969,452.489990234375,456.9200134277344,80011800
2023-07-31,457.4100036621094,458.1600036621094,456.0499877929688,457.7900085449219,62040400
2023-08-01,456.2699890136719,457.25,455.489990234375,456.4800109863281,55291500
2023-08-02,453.25,453.5199890136719,449.3500061035156,450.1300048828125,93933400
2023-08-03,448.0400085449219,450.7900085449219,447.3699951171875,448.8399963378906,64276100
2023-08-04,450.7200012207031,452.8999938964844,446.2699890136719,446.80999755859375,100052300
2023-08-07,448.7099914550781,450.8699951171875,447.989990234375,450.7099914550781,58357500
2023-08-08,448.0799865722656,450.7000122070313,445.2699890136719,448.75,71361300
2023-08-09,449.0299987792969,449.2000122070313,444.9599914550781,445.75,78789600
2023-08-10,448.1900024414063,451.7000122070313,444.7000122070313,445.9100036621094,93005500
2023-08-11,443.9700012207031,446.7000122070313,443.3500061035156,445.6499938964844,68664600
2023-08-14,444.7000122070313,448.1099853515625,444.3800048828125,448.1099853515625,47867400
2023-08-15,446.2699890136719,446.6400146484375,442.2999877929688,442.8900146484375,75707500
2023-08-16,442.4599914550781,444.1799926757813,439.5299987792969,439.6400146484375,80107200
2023-08-17,441.1600036621094,441.4299926757813,435.75,436.2900085449219,95711300
2023-08-18,433.3699951171875,437.5700073242188,433.010009765625,436.5,98758400
2023-08-21,437.5499877929688,440.1099853515625,435.3200073242188,439.3399963378906,68719000
2023-08-22,441.1799926757813,441.1799926757813,437.5700073242188,438.1499938964844,65062900
2023-08-23,439.25,443.6700134277344,439.1000061035156,443.0299987792969,68441000
2023-08-24,444.6900024414063,445.2200012207031,436.8599853515625,436.8900146484375,88517300
2023-08-25,438.6799926757813,441.2999877929688,435.0,439.9700012207031,102325100
2023-08-28,442.239990234375,443.3999938964844,439.9700012207031,442.760009765625,61595400
2023-08-29,442.6499938964844,449.4500122070313,442.4599914550781,449.1600036621094,83081900
2023-08-30,449.510009765625,451.6700134277344,448.7799987792969,451.010009765625,69053900
2023-08-31,451.6499938964844,452.8299865722656,450.1600036621094,450.3500061035156,66084600
2023-09-01,453.1700134277344,453.6700134277344,449.6799926757813,451.1900024414063,58875700
2023-09-05,450.7300109863281,451.05999755859375,449.1700134277344,449.239990234375,55166200
2023-09-06,448.3999938964844,448.510009765625,443.80999755859375,446.2200012207031,70758500
2023-09-07,443.1099853515625,445.5499877929688,442.75,444.8500061035156,70355400
2023-09-08,444.8999938964844,447.1099853515625,444.5299987792969,445.5199890136719,61659700
2023-09-11,448.239990234375,448.7699890136719,446.4700012207031,448.4500122070313,60180100
2023-09-12,446.9500122070313,448.5299987792969,445.3900146484375,445.989990234375,67565400
2023-09-13,446.2200012207031,447.7099914550781,445.0799865722656,446.510009765625,60199300
2023-09-14,449.0700073242188,451.0799865722656,447.7200012207031,450.3599853515625,83430800
2023-09-15,447.1400146484375,447.4800109863281,442.9200134277344,443.3699951171875,111761400
2023-09-18,443.0499877929688,444.9700012207031,442.55999755859375,443.6300048828125,55752200
2023-09-19,442.6799926757813,443.2900085449219,439.9400024414063,442.7099914550781,66514600
2023-09-20,444.010009765625,444.4400024414063,438.4299926757813,438.6400146484375,82562600
2023-09-21,435.7000122070313,435.9700012207031,431.2300109863281,431.3900146484375,103976100
2023-09-22,432.4500122070313,434.1000061035156,429.989990234375,430.4200134277344,100829700
2023-09-25,429.1700134277344,432.2699890136719,428.7200012207031,432.2300109863281,70874500
2023-09-26,429.0899963378906,429.8200073242188,425.0199890136719,425.8800048828125,96168400
2023-09-27,427.0899963378906,427.6700134277344,422.2900085449219,426.0499877929688,104705800
2023-09-28,425.4800109863281,430.25,424.8699951171875,428.5199890136719,92258300
2023-09-29,431.6700134277344,431.8500061035156,425.9100036621094,427.4800109863281,115078500
2023-10-02,426.6199951171875,428.6000061035156,424.4599914550781,427.30999755859375,83798600
2023-10-03,425.05999755859375,427.3699951171875,420.1799926757813,421.5899963378906,103760600
2023-10-04,422.0700073242188,425.4299926757813,420.55999755859375,424.6600036621094,87453000
2023-10-05,424.3599853515625,425.3699951171875,421.1700134277344,424.5,70142700
2023-10-06,421.9700012207031,431.1300048828125,420.6000061035156,429.5400085449219,113202700
2023-10-09,427.5799865722656,432.8800048828125,427.010009765625,432.2900085449219,80374400
2023-10-10,432.9400024414063,437.2200012207031,432.5299987792969,434.5400085449219,78607300
2023-10-11,435.6400146484375,436.5799865722656,433.1799926757813,436.3200073242188,62451700
2023-10-12,436.9500122070313,437.3399963378906,431.2300109863281,433.6600036621094,81154200
2023-10-13,435.2099914550781,436.4500122070313,429.8800048828125,431.5,95143100
2023-10-16,433.8200073242188,437.1400146484375,433.5700073242188,436.0400085449219,75433200
2023-10-17,432.80999755859375,438.1400146484375,432.4500122070313,436.0199890136719,75324700
2023-10-18,434.1900024414063,435.1799926757813,429.0899963378906,430.2099914550781,93559800
2023-10-19,430.9500122070313,432.8200073242188,425.7300109863281,426.4299926757813,121323000
2023-10-20,425.9800109863281,426.5400085449219,421.0799865722656,421.1900024414063,123845800
2023-10-23,419.6099853515625,424.4500122070313,417.7999877929688,420.4599914550781,92035100
2023-10-24,422.6499938964844,424.8200073242188,420.739990234375,423.6300048828125,78564200
2023-10-25,421.8900146484375,421.9200134277344,417.0199890136719,417.5499877929688,94223200
2023-10-26,416.4500122070313,417.3299865722656,411.6000061035156,412.5499877929688,115156800
2023-10-27,414.1900024414063,414.6000061035156,409.2099914550781,410.6799926757813,107367700
2023-10-30,413.55999755859375,416.6799926757813,412.2200012207031,415.5899963378906,86562700
2023-10-31,416.1799926757813,418.5299987792969,414.2099914550781,418.2000122070313,79665200
2023-11-01,419.2000122070313,423.5,418.6499938964844,422.6600036621094,98068100
2023-11-02,426.5799865722656,430.9200134277344,426.55999755859375,430.760009765625,94938900
2023-11-03,433.1400146484375,436.2900085449219,433.010009765625,434.6900024414063,100110800
2023-11-06,435.4700012207031,436.1499938964844,433.6799926757813,435.6900024414063,67831700
2023-11-07,435.6900024414063,437.5899963378906,434.510009765625,436.9299926757813,64256100
2023-11-08,437.5499877929688,438.0899963378906,434.8699951171875,437.25,61746000
2023-11-09,438.4299926757813,438.4700012207031,433.3999938964844,433.8399963378906,83174400
2023-11-10,435.9800109863281,440.9299926757813,433.8299865722656,440.6099853515625,89462200
2023-11-13,439.2300109863281,441.3299865722656,438.4200134277344,440.1900024414063,52236100
2023-11-14,446.3200073242188,450.05999755859375,446.0899963378906,448.7300109863281,97176900
2023-11-15,450.1099853515625,451.3800048828125,448.7999877929688,449.6799926757813,77327600
2023-11-16,449.2200012207031,450.55999755859375,448.1199951171875,450.2300109863281,66665800
2023-11-17,450.239990234375,451.4200134277344,449.2900085449219,450.7900085449219,83133200
2023-11-20,450.5299987792969,455.1300048828125,450.5199890136719,454.260009765625,69936200
2023-11-21,453.1799926757813,454.1300048828125,451.9599914550781,453.2699890136719,49244600
2023-11-22,454.9800109863281,456.3800048828125,453.8900146484375,455.0199890136719,59394900
2023-11-24,455.0700073242188,455.5,454.7300109863281,455.2999877929688,29737400
2023-11-27,454.6499938964844,455.489990234375,454.0799865722656,454.4800109863281,50506000
2023-11-28,454.0799865722656,456.2699890136719,453.5,454.9299926757813,62115000
2023-11-29,457.1499938964844,458.3200073242188,454.2000122070313,454.6099853515625,63146000
2023-11-30,455.4800109863281,456.760009765625,453.3399963378906,456.3999938964844,79752700
2023-12-01,455.7699890136719,459.6499938964844,455.1600036621094,459.1000061035156,89097900
2023-12-04,455.6000061035156,459.1199951171875,454.3399963378906,456.6900024414063,72430900
2023-12-05,455.260009765625,457.5899963378906,454.8699951171875,456.6000061035156,69793500
2023-12-06,458.80999755859375,458.8399963378906,454.30999755859375,454.760009765625,69124700
2023-12-07,456.9100036621094,458.8999938964844,456.2900085449219,458.2300109863281,66995400
2023-12-08,457.4599914550781,460.75,457.2099914550781,460.2000122070313,83080900
2023-12-11,459.6900024414063,462.1700134277344,459.4700012207031,461.989990234375,65002200
2023-12-12,461.6300048828125,464.2000122070313,460.6000061035156,464.1000061035156,68327600
2023-12-13,464.489990234375,470.760009765625,464.1199951171875,470.5,93278000
2023-12-14,472.5,473.7300109863281,469.25,472.010009765625,119026000
2023-12-15,469.489990234375,470.7000122070313,467.4299926757813,469.3299865722656,141319300
2023-12-18,470.9800109863281,472.9800109863281,469.8900146484375,471.9700012207031,70375300
2023-12-19,472.5299987792969,474.9200134277344,472.4500122070313,474.8399963378906,55761800
2023-12-20,473.9599914550781,475.8999938964844,467.8200073242188,468.260009765625,102921000
2023-12-21,471.3299865722656,472.9800109863281,468.8399963378906,472.7000122070313,86667500
2023-12-22,473.8599853515625,475.3800048828125,471.7000122070313,473.6499938964844,67126600
2023-12-26,474.0700073242188,476.5799865722656,473.989990234375,475.6499938964844,55387000
2023-12-27,475.4400024414063,476.6600036621094,474.8900146484375,476.510009765625,68000300
2023-12-28,476.8800048828125,477.5499877929688,476.260009765625,476.6900024414063,77158100
2023-12-29,476.489990234375,477.0299987792969,473.2999877929688,475.30999755859375,122234100
